URL,Title,Title Length,Meta Description,Meta Description Length,H1 Count,H2 Count,Internal Links,External Links,Images,Images Without Alt
https://simplybeyond.dk/,"Silkeprodukter til h√•r & hud| Luksus, glathed og bedre s√∏vn | Simply Beyond",75,"Fork√¶l h√•r og hud med 100% Mulberry silke. F√• mindre krus, f√¶rre soverynker og dybere s√∏vn. V√¶lg silke pudebetr√¶k, sovemasker og gavepakker i luksuskvalitet.",157,5,5,296,6,201,2
https://simplybeyond.dk/pages/kontakt-os,Kontakt os og F√• Hurtigt Svar | Simply Beyond,45,Du kan nemt kontakte os! Vi er klar til at besvare dine henvendelser hurtigt.,77,2,8,166,6,18,0
https://simplybeyond.dk/pages/ofte-stillede-spoergsmaal,Ofte stillede sp√∏rgsm√•l | Simply Beyond,39,,0,2,5,163,7,17,0
https://simplybeyond.dk/pages/returnering-ombytning,Fragt & returnering: Hurtig levering fra Simply Beyond | Simply Beyond,70,L√¶r om vores nemme fragt & returnering. F√• dine varer hurtigt med Simply Beyond og oplev vores gratis levering.,111,2,4,164,7,16,0
https://simplybeyond.dk/pages/silke-univers,Silke Blog Univers: Udforsk Sk√∏nhedstips | Simply Beyond,56,"Silke Blog Univers tilbyder inspiration om silke, sk√∏nhedstips og s√∏vnoptimering til en bedre hverdag.",102,2,2,168,6,17,0
https://simplybeyond.dk/collections/silke-pudebetraek,Silke Pudebetr√¶k | 100% Mulberry Silke | Simply Beyond,54,"Fork√¶l dig selv med vores Silke Pudebetr√¶k, der giver naturlig luksus og plejer b√•de h√•r og hud mens du sover. Oplev velv√¶re!",125,2,16,199,6,42,0
https://simplybeyond.dk/collections/silke-sovemaske,Silke Sovemaske | Eksklusiv komfort & ro | Simply Beyond,56,"Fork√¶l dig selv med en silke sovemaske i 100% Mulberry silke. Luksus, komfort og ro ‚Äì hver nat med Simply Beyond",112,2,14,199,6,52,0
https://simplybeyond.dk/collections/silke-scrunchie,Silke Scrunchie | Elegant Accessory til H√•r | Simply Beyond,59,"Opdag den luksuri√∏se Silke Scrunchie ‚Äì bl√∏d, glat og sk√•nsom, der beskytter dit h√•r og bevarer frisuren uden m√¶rker. Pr√∏v nu!",125,2,21,192,6,42,0
https://simplybeyond.dk/collections/silke-gavepakke,Silke gavepakke | Luksus gaves√¶t i Mulberry silke | Simply Beyond,65,"Fork√¶l dig selv eller en du holder af med en silke gavepakke i 6A Mulberry silke. Eksklusivt pudebetr√¶k, sovemaske og scrunchie samlet i √©n smuk gave√¶ske",153,2,11,204,6,36,0
https://simplybeyond.dk/collections/natbriller,"Natbriller i Silke | Luksus, Komfort og Bedre S√∏vn | Simply Beyond",66,"Opdag Simply Beyonds eksklusive natbriller i 100 % Mulberry silke. Skabt til ro, komfort og sk√∏nhedss√∏vn ‚Äì naturligt, hypoallergent og elegant",142,2,15,204,6,52,0
https://simplybeyond.dk/collections/sovebriller,Sovebriller i Silke | Bloker Lys Effektivt | Simply Beyond,58,"F√• den s√∏vn, du fortjener med vores sovebriller i silke. Bloker lys og opn√• en uforstyrret nattes√∏vn. Oplev luksus nu!",118,2,15,194,6,52,0
https://simplybeyond.dk/collections/sovemaske-silke,Sovemaske i Silke | Luksuri√∏s S√∏vnkomfort | Simply Beyond,57,Oplev luksus med vores sovemaske i silke. Forbedr din s√∏vnkvalitet og beskyt huden effektivt. Bestil nu for en bedre nat!,121,2,15,195,6,52,0
https://simplybeyond.dk/collections/sovemaske,"Sovemaske | Luksus, ro og bedre s√∏vn med Simply Beyond | Simply Beyond",70,"Oplev luksus med vores Sovemaske. Fremstillet af 100 % √¶gte silke, hj√¶lper den med at lukke lys ude, s√• du kan sove bedre",121,2,12,192,6,52,0
https://simplybeyond.dk/collections/natmaske-silke,"Natmaske i silke | Luksus, komfort og bedre s√∏vn | Simply Beyond",64,"Oplev luksusen ved en natmaske i silke fra Simply Beyond. Bl√∏d, √•ndbar og sk√•nsom mod huden ‚Äì for dig, der √∏nsker dyb s√∏vn og smuk hud hver nat",143,2,13,197,6,52,0
https://simplybeyond.dk/collections/haarelastikker,H√•relastikker | Sk√•nsom mod dit h√•r | Simply Beyond,51,Vores kvalitets h√•relastik er designet til at minimere h√•rskader. F√• et perfekt look og h√∏j komfort hele dagen. Shop hos os!,124,2,12,195,6,42,0
https://simplybeyond.dk/collections/silketoerklaede,Silket√∏rkl√¶de | Eksklusive silke t√∏rkl√¶der til dame | Simply Beyond,67,"Opdag Simply Beyonds silket√∏rkl√¶der i 100% Mulberry silke. Eksklusive silket√∏rkl√¶der til dame ‚Äì bl√∏de, elegante og sk√•nsomme mod hud og h√•r",139,2,10,200,6,35,0
https://simplybeyond.dk/collections/silke-bonnet,Silke Bonnet | 100% Mulberry silke | Simply Beyond,50,Opdag vores silke bonnet kollektion ‚Äì ideel til at beskytte dit h√•r hele natten. Reduktion af krus og knuder venter!,116,2,9,190,6,33,0
https://simplybeyond.dk/collections/heatless-curls,Heatless Curls | Curls i Mulberry Silke | Simply Beyond,55,"Oplev Heatless Curls i Mulberry Silke for smukke kr√∏ller uden varme. F√• bl√∏de og glansfulde resultater, mens du sover",117,2,11,191,6,33,0
https://simplybeyond.dk/collections/nyheder,Nyheder | Opdag de nyeste silkeprodukter | Simply Beyond,56,"Se vores nyeste nyheder i silke! Fra scrunchies til pudebetr√¶k, opdag de seneste lanceringer for en luksuri√∏s nattes√∏vn og h√•rpleje.",132,3,11,216,6,60,0
https://simplybeyond.dk/collections/charmeklud-i-sillke,Charmeklude i Silke | Eksklusiv Stil | Simply Beyond,52,Giv dit look kant med en charmeklud i 100% Mulberry silke. Brug den som lommeklud eller t√∏rkl√¶de ‚Äì til m√¶nd med stil og sans for detaljen,137,2,10,197,6,36,0
https://simplybeyond.dk/collections/haar-bonnet,H√•r Bonnet i 100% Mulberry Silke | Simply Beyond,48,"Fork√¶l dit h√•r med en H√•r Bonnet i 100% Mulberry silke. Beskyt h√•ret mod friktion og t√∏rhed, og v√•gn op til sundere, glattere lokker!",133,2,9,191,6,33,0
https://simplybeyond.dk/collections/halstoerklaede-i-silke,Halst√∏rkl√¶de i silke | Stilfuldt til hver lejlighed | Simply Beyond,67,"Oplev elegance med vores halst√∏rkl√¶de i silke. Bl√∏dt, √•ndbart og allergivenligt. G√∏r dit outfit komplet med luksus!",115,2,7,188,6,36,0
https://simplybeyond.dk/collections/sovehue-i-silke,Sovehue i silke | Sk√•nsom h√•rpleje & mindre krus | Simply Beyond,64,"Opdag sovehuer i 100% Mulberry silke, der reducerer krus, bevarer fugt og beskytter h√•ret natten over. V√•gn med glansfuldt, bl√∏dt h√•r hver morgen",145,2,14,190,6,33,0
https://simplybeyond.dk/collections/silkehue,Silkehue i 100% Mulberry Silke | Beskyt & plej dit h√•r | Simply Beyond,70,"Sov med luksus. Silkehue i 100% Mulberry silke beskytter h√•ret, reducerer krus og bevarer fugten. V√•gn op til glat og sundt h√•r hver morgen",139,2,8,188,6,33,0
https://simplybeyond.dk/collections/silke-sovehaette,Silke Soveh√¶tte | Beskyt dit h√•r natten over | Simply Beyond,60,V√•gn op med smukt h√•r takket v√¶re vores Silke Soveh√¶tte! Minim√©r friktion og forl√¶ng holdbarheden af din frisure. Shop i dag!,125,2,15,192,6,33,0
https://simplybeyond.dk/collections/lommeklud-i-silke,Lommeklud i Silke | Elegance til dit look | Simply Beyond,57,Opgrader dit look med en Lommeklud i Silke fra Simply Beyond. Denne klud til jakkes√¶t tilf√∏jer elegance og personlighed til enhver p√•kl√¶dning,141,2,3,188,6,36,0
https://simplybeyond.dk/collections/mulberry-silke,Mulberry Silke | Luksuri√∏s kvalitet & naturlig sk√∏nhed | Simply Beyond,70,"Oplev Mulberry silke hos Simply Beyond ‚Äì eksklusiv kvalitet til hud, h√•r og s√∏vn. G√• p√• opdagelse i vores luksuri√∏se silkeunivers i dag",135,2,22,256,6,118,0
https://simplybeyond.dk/collections/halsklud-i-silke,Halsklud i silke | Tidl√∏s elegance i 100% silke | Simply Beyond,63,"Opgrader dit outfit med en luksuri√∏s Halsklud. Mulberry silke giver glans, bl√∏dhed og en unik detalje til din stil. Se udvalget!",128,2,15,189,6,36,0
https://simplybeyond.dk/collections/toerklaede-i-silke,T√∏rkl√¶de i Silke | Luksus til alle lejligheder | Simply Beyond,62,"Find dit perfekte t√∏rkl√¶de i silke, der forener klassisk design med komfort. Skab et stilfuldt look med luksuri√∏s bl√∏dhed",121,2,24,196,6,36,0
https://simplybeyond.dk/collections/mulberry-toerklaede,Mulberry T√∏rkl√¶de | Eksklusivitet du kan m√¶rke | Simply Beyond,62,"Mulberry T√∏rkl√¶de: en oplevelse af bl√∏dhed og glans. Opgrader dit outfit med et elegant accessory, der str√•ler af kvalitet",122,2,11,193,6,36,0
https://simplybeyond.dk/collections/hair-bonnet,Hair Bonnet til sk√•nsom natpleje | Simply Beyond,48,"Fork√¶l dit h√•r med et luksuri√∏st Hair Bonnet. Bevar fugt og glans, mens du sover. Oplev hvordan det kan forvandle din h√•rplejerutine",132,2,11,196,6,33,0
https://simplybeyond.dk/collections/heatless-curls-kit,"Heatless Curls Kit | Ingen Varme, Ingen Skader | Simply Beyond",62,"Oplev smukke, naturlige kr√∏ller med v√•rt Heatless Curls Kit. 100% Mulberry silke beskytter dit h√•r skjult, mens du sover",120,2,10,190,6,33,0
https://simplybeyond.dk/collections/klud-til-jakkesaet,Klud til jakkes√¶t i 100% Mulberry-silke | Simply Beyond,55,Klud til jakkes√¶t fra Simply Beyond ‚Äì en essentiel detalje for dit outfit. Udforsk vores designs i luksuri√∏s silke i dag!,121,2,10,196,6,36,0
https://simplybeyond.dk/collections/silke-haarelastikker,Silke H√•relastikker | Luksus til dit h√•r | Simply Beyond,56,"Oplev Silke h√•relastikker, der tilbyder luksus og sk√•nsom pleje. Beskyt dit h√•r med stil - find din favorit hos Simply Beyond!",126,2,11,196,6,42,0
https://simplybeyond.dk/collections/silke-accessories,Silke Accessories af 100% Mulberry-silke | Simply Beyond,56,"Fork√¶l dig selv med vores luksuri√∏se Silke Accessories. Udforsk elegance og komfort med 100 % Mulberry-silke, der giver dig sk√∏nhed hver dag",140,2,9,261,6,118,0
https://simplybeyond.dk/collections/heatless-curler,Heatless Curler | Naturlige B√∏lger Uden Varme | Simply Beyond,61,Forny din h√•rpleje med Heatless Curler! V√•gner op med sk√∏nne kr√∏ller og velplejet h√•r ‚Äì helt uden at varmebehandle. Shop nu,123,2,15,190,6,33,0
https://simplybeyond.dk/collections/silke-sovehue,Silke Sovehue | Beskyt Dit H√•r Med √Ügte Mulberry Silke | Simply Beyond,70,"Oplev luksus hver nat med Silke Sovehue, der beskytter dit h√•r og reducerer friktion. F√• sundt og glansfuldt h√•r hver morgen!",125,2,13,195,6,33,0
https://simplybeyond.dk/collections/silke-nattoej,Silke Natt√∏j | Luksuri√∏st natt√∏j i √¶gte Mulberry silke | Simply Beyond,70,"Oplev Simply Beyonds silke natt√∏j i √¶gte Mulberry silke. Luksus, komfort og sk√∏nhed i √©t ‚Äì designet til kvinder, der √∏nsker den bedste s√∏vnoplevelse",148,2,12,190,6,25,0
https://simplybeyond.dk/collections/kimono-i-silke,Kimono i silke | Fork√¶l dig selv i stil | Simply Beyond,55,"Fork√¶l dig selv med en kimono i silke, der forener komfort og elegance. Oplev den bl√∏de tekstur og naturlige glans ‚Äì shop nu!",125,2,15,187,6,25,0
https://simplybeyond.dk/collections/silke-pyjamas,Silke Pyjamas: Bl√∏d og Temperaturregulerende | Simply Beyond,60,Oplev luksus med Silke Pyjamas ‚Äì √¶gte Mulberry silke der tilbyder komfort og elegance til din s√∏vn. Fork√¶l dig selv med vidunderlig velv√¶re!,140,3,21,198,6,25,0
https://simplybeyond.dk/collections/silke-natkjole,Silke natkjole | Elegant komfort til natten | Simply Beyond,59,"Fork√¶l dig selv med en silke natkjole fra Simply Beyond. Fremstillet i 100 % √¶gte Mulberry silke ‚Äì for en rolig, luksuri√∏s og naturlig nattes√∏vn",144,2,13,190,6,25,0
https://simplybeyond.dk/collections/silke-morgenkaabe-dame,Silke morgenk√•be dame | Fork√¶l dig selv | Simply Beyond,55,Oplev luksus med vores silke morgenk√•be dame. Den perfekte kombination af komfort og stil til dine stille morgenstunder. Fork√¶l dig selv!,137,2,20,184,6,25,0
https://simplybeyond.dk/collections/silkekaabe,Silkek√•be | Eksklusiv K√•be i √Ügte Silke | Simply Beyond,55,"Oplev Simply Beyonds silkek√•ber i 100 % Mulberry silke. Let, luksuri√∏s og elegant ‚Äì perfekt til kvinder, der √∏nsker komfort og raffinement i hverdagen",150,2,15,187,6,25,0
https://simplybeyond.dk/collections/luksus-morgenkabe,Luksus morgenk√•be | H√∏j kvalitet til dig | Simply Beyond,56,"Oplev luksus morgenk√•be i Mulberry silke, der omfavner kroppen. Fork√¶l dig selv med stil og komfort hver dag",108,2,18,194,6,25,0
https://simplybeyond.dk/collections/silkehat-til-haaret,Silkehat til h√•ret | Luksus til dit h√•r | Simply Beyond,55,Fork√¶l dit h√•r med en silkehat til h√•ret! Beskyt dit h√•r mod friktion om natten og nyd en roligere s√∏vn,103,2,13,197,6,33,0
https://simplybeyond.dk/collections/sovehaette-til-kroeller,Soveh√¶tte til kr√∏ller | Mindsk krus om natten | Simply Beyond,61,V√•gn op med smukke kr√∏ller! Vores soveh√¶tte til kr√∏ller beskytter dit h√•r og reducerer friktion. Shop den perfekte l√∏sning i nat!,129,2,11,193,6,33,0
https://simplybeyond.dk/collections/luksus-sovemaske,Luksus Sovemaske i 100% Mulberry Silke | Simply Beyond,54,Oplev ultimativ komfort med Luksus Sovemaske i 100% Mulberry silke. Fuld m√∏rkl√¶gning og perfekt pasform til en stilfuld natteoplevelse,134,2,15,192,6,36,0
https://simplybeyond.dk/collections/toerklaede-til-haaret,T√∏rkl√¶de til h√•ret | Elegant og funktionelt | Simply Beyond,59,"Opdag vores udvalg af stilfulde t√∏rkl√¶der til h√•ret, der beskytter og tilf√∏jer glamour til dit look. G√∏r hverdag og fest uforglemmelig!",135,2,16,192,6,36,0
https://simplybeyond.dk/collections/bandana-toerklaede,Bandana t√∏rkl√¶de | Bandana til h√•ret i elegante designs | Simply Beyond,71,Opdag vores stilfulde Bandana T√∏rkl√¶de ‚Äì perfekt til at l√∏fte dit outfit nemt! T√¶m h√•ret eller giv kant til dit look straks. üåü,126,2,15,193,6,36,0
https://simplybeyond.dk/collections/silke-halstoerklaede-dame,Silke Halt√∏rkl√¶de Dame | Elegant og Komfortabel | Simply Beyond,63,"Giv din stil et l√∏ft med et Silke Halt√∏rkl√¶de dame. 100% Mulberry silke, bl√∏dt og behageligt for sensitiv hud. Find dit favorit i dag!",134,2,12,196,6,35,0
https://simplybeyond.dk/collections/silke-lommetoerklaede,Slke lommet√∏rkl√¶de | Elegant accessory til enhver stil | Simply Beyond,70,V√¶lg et Silke Lommet√∏rkl√¶de som en luksuri√∏s detalje til enhver lejlighed. G√∏r dit look unikt med bl√∏de og smukke materialer!,125,2,11,209,6,37,0
https://simplybeyond.dk/blogs/nyheder,Nyheder & Inspiration | Simply Beyond,37,"L√¶s de nyeste artikler fra Simply Beyond. F√• inspiration til sk√∏nhed, s√∏vn og stil med 100% Mulberry silke ‚Äì din guide til luksus i hverdagen.",142,2,2,169,6,16,0
https://simplybeyond.dk/blogs/guides,Guides | Simply Beyond,22,,0,2,2,207,6,25,0
https://simplybeyond.dk/blogs/gaver,Gaver | Simply Beyond,21,,0,2,2,204,6,25,0
https://simplybeyond.dk/blogs/rutiner,Rutiner | Simply Beyond,23,,0,2,2,202,6,23,0
https://simplybeyond.dk/blogs/skoenhed,Sk√∏nhed | Simply Beyond,23,,0,2,2,176,6,18,0
https://simplybeyond.dk/blogs/silke,Silke | Simply Beyond,21,,0,2,2,212,6,25,0
https://simplybeyond.dk/blogs/haarpleje,H√•rpleje | Simply Beyond,24,,0,2,2,190,6,21,0
https://simplybeyond.dk/blogs/silke-pleje,Silke-pleje | Simply Beyond,27,,0,2,2,166,6,16,0
https://simplybeyond.dk/blogs/sovemiljoe,Sovemilj√∏ | Simply Beyond,25,,0,2,2,171,6,17,0
https://simplybeyond.dk/blogs/hudpleje,Hudpleje | Simply Beyond,24,,0,2,2,202,6,23,0
https://simplybeyond.dk/blogs/soevn,S√∏vn | Simply Beyond,20,,0,2,2,204,6,25,0
https://simplybeyond.dk/blogs/allergi,Allergi | Simply Beyond,23,,0,2,2,171,6,17,0
https://simplybeyond.dk/blogs/silke/hvad-er-silke,Hvad er silke lavet af? Naturens luksuri√∏se fiber | Simply Beyond,65,"Silke er lavet af silkeormens fibre og kendt for sin glans, bl√∏dhed og holdbarhed. L√¶s om silkens oprindelse, produktion og unikke fordele.",139,2,3,176,6,22,0
https://simplybeyond.dk/blogs/silke/hvor-kommer-silke-fra,Hvor kommer silke fra? Historien og produktionen bag | Simply Beyond,68,"Silke har en 4.000 √•r lang historie fra Kina til i dag. L√¶s hvor silke kommer fra, hvordan det produceres, og hvorfor Mulberry silke er det fineste valg.",153,2,4,175,6,25,0
https://simplybeyond.dk/blogs/silke/hvordan-laver-man-silke,Hvordan laver man silke fra silkeorme? | Simply Beyond,54,"L√¶r om, hvordan laver man silke, fra silkeormens livscyklus til det bl√∏de stof, vi elsker. Opdag silkens historie her.",118,2,4,175,6,25,0
https://simplybeyond.dk/blogs/silke/hvad-er-forskellen-paa-satin-og-silke,Hvad er forskellen p√• satin og silke: En guide | Simply Beyond,62,Opdag forskellen p√• satin og silke. L√¶s om disse luksuri√∏se stoffer og hvad der g√∏r silke til det overlegne valg.,113,3,2,176,6,21,0
https://simplybeyond.dk/blogs/silke/hvad-er-mulberry-silke,Hvad er Mulberry silke? Den mest eksklusive silketype | Simply Beyond,69,"Mulberry silke er kendt for sin bl√∏dhed, glans og holdbarhed. L√¶s hvad der g√∏r den unik, og hvorfor den er det bedste valg til hud, h√•r og s√∏vn.",144,2,3,176,6,21,0
https://simplybeyond.dk/blogs/guides/hvordan-vasker-man-silke,Vask af silke | Vaskeguide til silkeprodukter | Simply Beyond,61,"F√• indsigt i, hvordan vasker man silke korrekt for at bevare glans og holdbarhed af dine silkeprodukter.",104,2,5,175,6,18,0
https://simplybeyond.dk/blogs/guides/viden-om-soevn,Viden om s√∏vn: S√•dan forbedrer du din s√∏vn | Simply Beyond,58,"Opdag viden om s√∏vn: hvor meget s√∏vn har du brug for, og hvad betyder dyb s√∏vn og REM-s√∏vn for dit helbred?",107,2,9,181,6,19,0
https://simplybeyond.dk/blogs/soevn/hvor-meget-soevn-har-man-brug-for,Hvor meget s√∏vn har man brug for? F√• svaret her | Simply Beyond,63,"De fleste voksne har brug for 7-9 timers s√∏vn pr. nat. L√¶s hvordan s√∏vnbehovet varierer med alder, og hvorfor s√∏vnkvalitet er lige s√• vigtig som timerne.",153,3,4,173,6,25,0
https://simplybeyond.dk/blogs/soevn/hvad-er-rem-soevn,Hvad er REM s√∏vn og hvorfor er det vigtigt? | Simply Beyond,59,"Opdag, hvad REM s√∏vn er, og hvordan denne fase p√•virker din hukommelse, mentale sundhed og dr√∏mme",97,2,9,179,6,19,0
https://simplybeyond.dk/blogs/soevn/hvad-er-dyb-soevn,Hvad er dyb s√∏vn? Faser og betydning | Simply Beyond,52,"Hvad er dyb s√∏vn? L√¶s om dens rolle i restitution, energigenopbygning og vigtigheden af kvalitetss√∏vn.",102,3,4,173,6,23,0
https://simplybeyond.dk/blogs/soevn/hvad-er-kernesoevn,Hvad er kernes√∏vn ‚Äì og hvorfor er den vigtig? | Simply Beyond,61,"Bliv klogere p√• hvad kernes√∏vn er, hvor meget du har brug for, og hvordan du sikrer ro og restitution i de vigtigste timer af natten.",133,3,4,173,6,23,0
https://simplybeyond.dk/blogs/soevn/saadan-falder-du-i-soevn,S√•dan falder du hurtigere i s√∏vn | Simply Beyond,48,Har du sv√¶rt ved at falde i s√∏vn? F√• effektive r√•d og teknikker til at finde ro om aftenen og falde hurtigere i s√∏vn ‚Äì helt naturligt.,134,2,7,180,6,19,0
https://simplybeyond.dk/blogs/soevn/fem-soevnfaenomener,S√∏vnf√¶nomen: Forst√•else af Natlige Oplevelser | Simply Beyond,61,"F√• indsigt i s√∏vnf√¶nomen og opdag de fem almindelige f√¶nomener vi oplever, men sj√¶ldent forst√•r √•rsagen til.",108,3,10,178,9,19,0
https://simplybeyond.dk/blogs/soevn/soevn-og-rynker,S√∏vn og rynker ‚Äì s√•dan p√•virker s√∏vnen din hud | Simply Beyond,62,"S√∏vn er vigtig for huden ‚Äì men den m√•de du sover p√• kan give rynker, is√¶r p√• kinderne. L√¶s hvordan du undg√•r soverynker og passer bedre p√• din hud om natten.",157,2,10,180,6,19,0
https://simplybeyond.dk/blogs/soevn/hvad-er-soverynker,Hvad er soverynker? S√•dan undg√•r du dem | Simply Beyond,55,"Soverynker opst√•r n√•r huden trykkes mod puden. L√¶s hvordan du undg√•r rynker p√• kinderne og beskytter huden med f√•, effektive √¶ndringer.",135,2,7,175,6,19,0
https://simplybeyond.dk/blogs/skoenhed/rynker-paa-kinderne,Rynker p√• kinderne: √Örsager og l√∏sninger | Simply Beyond,56,"Opdag, hvad der for√•rsager rynker p√• kinderne, og hvordan du kan forebygge dem med enkle livsstils√¶ndringer.",108,2,8,172,6,18,0
https://simplybeyond.dk/blogs/silke/silkepudebetraek-mod-uren-hud,Silkepudebetr√¶k mod uren hud: Er det v√¶rd? | Simply Beyond,58,Opdag fordelene ved silkepudebetr√¶k mod uren hud. Kan silken virkelig forbedre din huds sundhed?,96,2,7,176,6,19,0
https://simplybeyond.dk/blogs/hudpleje/hvad-virker-mod-rynker-5-ting-du-selv-kan-goere,Hvad virker mod rynker? Din guide til sk√∏nhed | Simply Beyond,61,Vil du undg√• rynker? L√¶s 5 dokumenterede metoder til glattere hud ‚Äì fra aktive ingredienser og solbeskyttelse til silkepudebetr√¶k og s√∏vn,137,2,8,172,6,18,0
https://simplybeyond.dk/blogs/soevn/rynker-mens-du-sover,Undg√• rynker mens du sover ‚Äì s√•dan g√∏r du | Simply Beyond,57,"S√∏vn kan give rynker, hvis du ikke passer p√•. L√¶s hvordan du undg√•r soverynker med silkepudebetr√¶k, sovestilling og en god natrutine.",133,2,6,174,6,19,0
https://simplybeyond.dk/blogs/gaver/de-bedste-gaveideer-til-hende-uanset-anledning,Gaveid√©er til hende uanset anledning og budget | Simply Beyond,62,S√¶t gang i gaveinspirationen med gaveid√©er til hende uanset anledning. Den ideelle gave venter p√• dig.,102,3,4,178,6,28,0
https://simplybeyond.dk/blogs/gaver/7-personlige-gaveideer-til-hende-der-viser-omtanke,Personlige gaveid√©er til hende i alle anledninger | Simply Beyond,65,Opdag de bedste personlige gaveid√©er til hende. Giv gaver der viser omtanke og luksus med silke fra Simply Beyond.,114,3,4,178,8,27,0
https://simplybeyond.dk/blogs/gaver/smaa-gaver-med-stor-effekt-ideer-til-under-200-kr,Sm√• gaver med stor effekt ‚Äì id√©er under 200 kr | Simply Beyond,62,"Find sm√• gaver til hende under 200 kr. Gaveid√©er som silkescrunchies, sm√• sovemasker og elegante t√∏rkl√¶der ‚Äì luksus i hverdagen til en god pris.",144,3,4,176,6,25,0
https://simplybeyond.dk/blogs/gaver/gaveideer-til-hende-der-har-alt-find-den-perfekte-overraskelse,Gaveideer til hende der har alt ‚Äì luksus i silke | Simply Beyond,64,"Manglen p√• id√©er? Find gaveid√©er til hende der har alt. Eksklusive produkter i Mulberry silke: pudebetr√¶k, sovemasker, scrunchies og t√∏rkl√¶der.",143,3,4,179,6,27,0
https://simplybeyond.dk/blogs/gaver/adventsgaver-til-hende,Adventsgaver til hende under 200 kr til jul | Simply Beyond,59,Find gode adventsgaver til hende under 200 kr og g√∏r hendes jul ekstra speciel med budgetvenlige gaver.,103,3,4,180,6,26,0
https://simplybeyond.dk/blogs/gaver/julegaver-til-hende,Julegaver til hende ‚Äì luksus i silke | Simply Beyond | Simply Beyond,68,"Find de bedste julegaver til hende. Mulberry silke pudebetr√¶k, sovemasker, t√∏rkl√¶der og scrunchies ‚Äì gaver der kombinerer luksus, sk√∏nhed og velv√¶re.",149,3,4,178,6,25,0
https://simplybeyond.dk/blogs/gaver/den-perfekte-gave-til-veninden,Gave til veninde ‚Äì luksuri√∏se id√©er i silke | Simply Beyond,59,"Find den perfekte gave til veninden. Fork√¶l hende med silke pudebetr√¶k, sovemasker, scrunchies og gave√¶sker, der kombinerer luksus og omtanke",141,3,4,177,6,25,0
https://simplybeyond.dk/blogs/gaver/valentinsdag-gave-til-hende,Valentinsdag gave til hende ‚Äì romantiske id√©er i silke | Simply Beyond,70,Find den perfekte Valentinsdag gave til hende og overrask hende med en uforglemmelig gestus.,92,3,4,176,6,25,0
https://simplybeyond.dk/blogs/gaver/par-gaver,Par gaver ‚Äì luksusid√©er i silke til jer begge | Simply Beyond,61,"Find de bedste par gaver i silke. Oplev luksus sammen med pudebetr√¶k, sovemasker og gave√¶sker, der kombinerer velv√¶re og romantik til jer begge.",144,3,4,180,6,25,0
https://simplybeyond.dk/blogs/gaver/aarsdagsgave-til-hende,√Örsdagsgave til hende ‚Äì romantiske silkeid√©er | Simply Beyond,61,"Overrask din k√¶reste med en luksuri√∏s √•rsdag gave i silke. V√¶lg mellem pudebetr√¶k, sovemasker og gave√¶sker, der kombinerer romantik og velv√¶re.",143,3,4,179,6,25,0
https://simplybeyond.dk/blogs/gaver/gave-til-hende-20-aar,Gave til hende 20 √•r ‚Äì smukke id√©er i silke | Simply Beyond,59,"Find den perfekte gave til en 20-√•rig kvinde. Oplev luksuri√∏se gaveid√©er i silke som pudebetr√¶k, sovemasker, scrunchies og accessories.",135,3,4,179,6,26,0
https://simplybeyond.dk/blogs/gaver/gave-til-hende-30-aar,Gave til hende 30 √•r ‚Äì luksuri√∏se id√©er i silke | Simply Beyond,63,"Find den perfekte gave til en 30-√•rig kvinde. Oplev elegante gaveid√©er i silke som pudebetr√¶k, sovemasker, scrunchies og accessories.",133,2,4,179,6,25,0
https://simplybeyond.dk/blogs/gaver/gave-til-hende-50-aar,Gave til hende 50 √•r ‚Äì luksus og velv√¶re i silke | Simply Beyond,64,"Find den perfekte gave til hende, der fylder 50 √•r. Luksuri√∏se silkeprodukter som pudebetr√¶k, sovemasker og t√∏rkl√¶der giver komfort, sk√∏nhed og velv√¶re.",152,3,4,178,6,25,0
https://simplybeyond.dk/blogs/soevn/hvad-er-soevnparalyse,"S√∏vnparalyse: √Örsager, ADHD og vejen til rolig s√∏vn | Simply Beyond",67,"Oplever du s√∏vnparalyse? L√¶s hvorfor det sker, sammenh√¶ngen med ADHD, og hvordan du skaber ro med silkepudebetr√¶k og sovemaske.",127,2,8,174,6,19,0
https://simplybeyond.dk/blogs/soevn/meditation-til-soevn,Meditation til s√∏vn: En vej til dybere hvile | Simply Beyond,60,Oplev meditation til s√∏vn for bedre s√∏vnkvalitet og dybere hvile. Slip stress og gl√¶d dig over en roligere nat.,111,2,7,174,6,19,0
https://simplybeyond.dk/blogs/soevn/hvor-meget-dyb-soevn-skal-man-have-for-at-vaagne-udhvilet,Hvor meget s√∏vn skal man have og f√∏le sig frisk? | Simply Beyond,64,"F√• indsigt i, hvor meget s√∏vn man skal have for at v√•gne udhvilet. Dyb s√∏vn er n√∏glen til optimal restitution.",110,2,9,176,6,19,0
https://simplybeyond.dk/blogs/soevn/hvilken-side-er-bedst-at-sove-paa,Hvilken side er det bedst at sove p√•? F√• svar her | Simply Beyond,65,"L√¶r om, hvilken side er det bedst at sove p√• og hvordan denne beslutning kan forbedre din s√∏vnkvalitet.",103,2,8,175,6,19,0
https://simplybeyond.dk/blogs/guides/kroeller-uden-varme,Kr√∏ller uden varme ‚Äì guide til smukke Heatless Curls | Simply Beyond,68,"Dr√∏mmer du om kr√∏ller uden varme? L√¶r hvordan du f√•r bl√∏de, sk√•nsomme heatless curls med silke, der beskytter og bevarer h√•rets glans.",134,2,13,178,6,19,0
https://simplybeyond.dk/blogs/sovemiljoe/hvorfor-bruge-en-sovemaske,Hvorfor bruge en sovemaske? ‚Äì Guide til bedre s√∏vn | Simply Beyond,66,"Oplev ro og m√∏rke med en sovemaske. L√¶s hvorfor en silkesovemaske hj√¶lper dig med at sove hurtigere, dybere og v√•gne mere udhvilet.",131,2,10,167,6,17,0
https://simplybeyond.dk/blogs/soevn/magnesium-soevn,Magnesium s√∏vn: N√∏glen til dyb og rolig s√∏vn | Simply Beyond,60,Opdag hvordan magnesium og s√∏vn h√¶nger sammen. L√¶s om det essentielle minerals rolle i afslapning og s√∏vngen,108,2,9,175,6,19,0
https://simplybeyond.dk/blogs/hudpleje/hvorfor-opstaar-rynker-under-oejnene,Rynker under √∏jnene ‚Äì s√•dan hj√¶lper s√∏vn og silke | Simply Beyond,65,"Vil du reducere rynker under √∏jnene naturligt? L√¶s hvordan god s√∏vn, silke og fugtpleje kan mindske fine linjer og give friskere hud.",133,2,6,172,6,18,0
https://simplybeyond.dk/blogs/soevn/soevnloeshed,S√∏vnl√∏shed: √Örsager og l√∏sninger for bedre s√∏vn | Simply Beyond,63,S√∏vnl√∏shed kan p√•virke hum√∏r og immunforsvar. L√¶s om √•rsagerne og hvordan du kan genoprette din s√∏vnrytme.,106,2,18,176,6,19,0
https://simplybeyond.dk/blogs/gaver/gave-til-hende-40-aar,Gave til hende p√• 40: Omtanke og Kvalitet | Simply Beyond,57,Find den perfekte gave til hende p√• 40 √•r. Oplev sk√∏nheden og luksusen i 100% Mulberry silke.,93,2,15,193,6,25,0
https://simplybeyond.dk/blogs/soevn/hvor-meget-rem-soevn-skal-man-have,Hvor meget REM s√∏vn skal man have for god s√∏vn? | Simply Beyond,63,"L√¶r hvor meget REM s√∏vn du har brug for, og hvordan du f√•r mere af den. F√• bedre s√∏vnkvalitet med m√∏rke, ro og luksus i √¶gte silke",130,2,12,178,6,19,0
https://simplybeyond.dk/blogs/soevn/stress-og-soevnloeshed,Hvad er s√∏vnl√∏shed og hvordan p√•virker det os | Simply Beyond,61,"K√¶mper du med s√∏vnl√∏shed eller d√•rlig s√∏vn? L√¶s hvordan stress p√•virker din nattes√∏vn ‚Äì og f√• tips til ro, m√∏rke og bedre s√∏vn med silke",136,2,9,177,6,19,0
https://simplybeyond.dk/blogs/hudpleje/rynker-i-panden-derfor-opstaar-de,Rynker i panden ‚Äì s√•dan forebygger du dem naturligt | Simply Beyond,67,"Oplev, hvordan s√∏vn, silke og hudpleje reducerer rynker i panden. F√• tips til naturlig forebyggelse og glattere hud ‚Äì hver nat.",127,2,7,176,6,19,0
https://simplybeyond.dk/blogs/hudpleje/hvad-virker-mod-rynker,Hvad virker mod rynker? Tips til smuk hud | Simply Beyond,57,"Find ud af hvad der virker mod rynker. L√¶r om vigtigheden af hudpleje, kost og s√∏vn for str√•lende hud.",102,2,6,176,6,19,0
https://simplybeyond.dk/blogs/guides/hvordan-binder-man-en-charmeklud,Hvordan binder man en charmeklud? | Simply Beyond,49,L√¶r hvordan du binder en charmeklud elegant. Se klassiske metoder og stylingtips med silke ‚Äì fra jakkelomme til halst√∏rkl√¶de.,125,2,7,177,6,19,0
https://simplybeyond.dk/blogs/guides/hvordan-binder-man-en-bandana,Hvordan binder man en bandana med stil | Simply Beyond,54,"L√¶r hvordan du binder en bandana ‚Äì om halsen, i h√•ret eller som accessory. F√• stylingtips og se bandanaer i silke hos Simply Beyond",131,2,8,174,6,19,0
https://simplybeyond.dk/blogs/gaver/billige-gaver-til-hende,Billige gaver til hende der Skaber Velv√¶re | Simply Beyond,58,"Find de bedste billige gaver til hende, der kombinerer kvalitet og fork√¶lelse, uden at spr√¶nge budgettet.",105,2,3,185,6,20,1
https://simplybeyond.dk/blogs/gaver/smaa-gaver-til-hende,Sm√• gaver til hende ‚Äì Luksuri√∏se id√©er i silke | Simply Beyond,62,"Find inspiration til sm√• gaver til hende, der f√∏les som stor fork√¶lelse. Opdag silkepudebetr√¶k, sovemasker og den eksklusive S√∏vnpakke i 100% Mulberry silke",156,2,3,180,6,18,0
https://simplybeyond.dk/blogs/soevn/soevn-stadier,S√∏vn stadier ‚Äì forst√• din s√∏vn og sov bedre | Simply Beyond,59,"L√¶r om s√∏vn stadier, og hvordan du f√•r mere dyb s√∏vn og REM-s√∏vn. F√• ro og balance med sovemaske og silkepudebetr√¶k fra Simply Beyond.",134,2,9,179,6,19,0
https://simplybeyond.dk/blogs/hudpleje/kan-rynker-forsvinde,Kan rynker forsvinde? Naturlige metoder til reduktion | Simply Beyond,69,"Find ud af, om rynker kan forsvinde helt. L√¶s om metoder til at mindske rynker gennem hudpleje og s√∏vn.",103,2,9,177,6,19,0
https://simplybeyond.dk/blogs/silke/mulberry-silke-fordele,Fordelene ved √¶gte Mulberry silke til din hud | Simply Beyond,61,"L√¶r om fordelene ved √¶gte Mulberry silke, der g√∏r det til en investering i din velv√¶re med luksuri√∏s komfort.",109,2,11,179,6,19,0
https://simplybeyond.dk/blogs/allergi/hypoallergent-noeglen-til-et-sundere-sovemiljoe,Hypoallergent: Beskyt mod Allergi og Ubehag | Simply Beyond,59,"Find ud af, hvordan hypoallergene materialer kan skabe et sundere sovemilj√∏ og minimere allergiske reaktioner",109,2,12,167,6,17,0
https://simplybeyond.dk/blogs/silke/pleje-af-mulberry-silke,Pleje af Mulberry silke: Din guide til pleje | Simply Beyond,60,F√• tips til pleje af Mulberry silke for at bevare dens sk√∏nhed og glans i mange √•r med vores enkle guide.,105,2,9,179,6,19,0
https://simplybeyond.dk/blogs/skoenhed/sensitiv-hud-forstaa-din-huds-behov,Sensitiv hud ‚Äì forst√• din hud og find ro med silke | Simply Beyond,66,"Hvad er sensitiv hud, og hvordan plejer du den? L√¶r at beskytte sart hud med blide rutiner, god s√∏vn og naturlig silke fra Simply Beyond.",137,2,7,172,6,18,0
https://simplybeyond.dk/blogs/hudpleje/hudpleje-til-sensitiv-hud,Hudpleje til sensitiv hud: S√•dan plejer du den | Simply Beyond,62,Opdag fordelene ved hudpleje til sensitiv hud. Sk√•nsomme rutiner kan berolige og genopbygge din huds naturlige balance.,119,2,7,177,6,19,0
https://simplybeyond.dk/blogs/guides/hvordan-binder-man-et-silketoerklaede,Hvordan binder man et silket√∏rkl√¶de med stil | Simply Beyond,60,L√¶r hvordan du binder et silket√∏rkl√¶de p√• mange elegante m√•der og tilf√∏j et sofistikeret touch til dit look.,108,2,4,177,6,19,0
https://simplybeyond.dk/blogs/silke/derfor-boer-du-sove-paa-silke,Sove p√• silke: V√¶lg det rigtige pudebetr√¶k | Simply Beyond,58,"Silke er mere end luksus ‚Äì det er sund s√∏vn. L√¶s hvorfor du b√∏r sove p√• silke, og hvordan et silkepudebetr√¶k kan forbedre din s√∏vn og hud.",138,2,8,181,6,19,0
https://simplybeyond.dk/blogs/rutiner/saadan-skaber-du-den-perfekte-natrutine,Natrutine: Tips til En Effektiv Aftenrutine | Simply Beyond,59,Oplev fordelene ved en god natrutine. Skab ro og balance f√∏r sengetid for bedre s√∏vn og velv√¶re.,96,2,7,173,6,18,0
https://simplybeyond.dk/blogs/hudpleje/silke-og-hudpleje-hvorfor-materialet-goer-en-forskel,Silke og hudpleje: Beskyt din sensitive hud | Simply Beyond,59,Silke beskytter og plejer sensitiv hud naturligt. L√¶s hvorfor silke er et must i din hudplejerutine ‚Äì is√¶r om natten,116,2,7,177,6,19,0
https://simplybeyond.dk/blogs/rutiner/skoenhedssoevn,Sk√∏nhedss√∏vn ‚Äì sandheden om s√∏vn og hud | Simply Beyond,55,"Er sk√∏nhedss√∏vn en myte? L√¶s hvordan god s√∏vn og silkeprodukter kan give sundere hud, f√¶rre rynker og et friskere udseende.",123,2,6,178,6,19,0
https://simplybeyond.dk/blogs/rutiner/undgaa-kruset-haar-om-natten,S√•dan undg√•r du kruset h√•r om natten | Simply Beyond,52,S√•dan undg√•r du kruset h√•r om natten: tips til at bruge silke og forbedre din h√•rpleje rutine.,94,2,8,178,6,19,0
https://simplybeyond.dk/blogs/rutiner/heatless-curls-skaansom-stylingrutine,F√• naturlige kr√∏ller uden varme og skader | Simply Beyond,57,"F√• smukke, naturlige kr√∏ller uden at skade h√•ret. L√¶r hvordan Heatless Curls i silke virker, og f√• stylingtips til sundt og glansfuldt h√•r",138,2,7,178,6,19,0
https://simplybeyond.dk/blogs/gaver/8-luksurioese-gaver-under-500-kr,Gaver under 500 kr til velv√¶re og fork√¶lelse | Simply Beyond,60,"Leder du efter gaver under 500 kr? Find de mest inspirerende gaveid√©er, der bringer velv√¶re og fork√¶lelse til hendes liv.",121,3,11,174,9,19,0
https://simplybeyond.dk/blogs/silke/silke-gaveideer-til-enhver-anledning,Gave til hende: Smukke Gaver i Mulberry Silke | Simply Beyond,61,"Find den perfekte gave til hende med eksklusive silkegaver fra Simply Beyond, som oser af luksus og sk√∏nhed.",108,2,7,178,6,19,0
https://simplybeyond.dk/blogs/guides/silketoerklaede-til-maend-5-nemme-maader-at-style-det-paa,Silket√∏rkl√¶de til m√¶nd | 5 nemme m√•der at style det p√• | Simply Beyond,70,"Opdag hvordan du binder et silket√∏rkl√¶de med stil. Enkle guides til den moderne mand, der g√•r op i detaljer.",108,2,9,179,6,19,0
https://simplybeyond.dk/blogs/silke/19-momme-silke,19 momme silke: Hvad du skal vide | Simply Beyond,49,Oplev fordelene ved 19 momme silke. L√¶s om denne luksuri√∏se silke og dens betydning for kvalitet og holdbarhed.,111,2,8,181,6,19,0
https://simplybeyond.dk/blogs/haarpleje/scrunchies-mere-end-haartilbehoer,S√•dan styler du scrunchies til enhver lejlighed | Simply Beyond,63,"L√¶r hvordan du styler scrunchies til hverdag, arbejde og fest. Opdag tips til silk scrunchies, elegante frisurer og kreative stylingid√©er.",138,2,11,175,6,18,0
https://simplybeyond.dk/blogs/rutiner/saadan-beskytter-du-haaret-om-natten,S√•dan beskytter du h√•ret om natten | Simply Beyond,50,"Opdag hvordan du beskytter h√•ret mens du sover med silkepudebetr√¶k, Hair Bonnet og silke scrunchies. F√• glansfuldt, sundt og krusfrit h√•r hver morgen.",150,2,16,195,8,19,0
https://simplybeyond.dk/blogs/silke/fordele-ved-silkepudebetraek,Fordele ved silkepudebetr√¶k ‚Äì Sk√•nsom pleje til hud og h√•r | Simply Beyond,74,"Opdag fordelene ved silkepudebetr√¶k: Mindre krus, f√¶rre rynker og glansfuldt h√•r. Luksuri√∏s komfort til din s√∏vn med silkepudebetr√¶k, sovemaske og Hair Bonnet.",159,2,6,179,6,19,0
https://simplybeyond.dk/blogs/rutiner/naturlig-skoenhedssoevn,Naturlig sk√∏nhedss√∏vn ‚Äì Tips til bedre hud og h√•r | Simply Beyond,65,"Opdag hemmeligheden bag naturlig sk√∏nhedss√∏vn med silkepudebetr√¶k, sovemaske, Hair Bonnet og silk scrunchies",108,2,8,179,6,19,0
https://simplybeyond.dk/blogs/silke/mulberry-silke-naturens-fineste-luksus,Hvad er Mulberry silke? | Oplev naturens mest luksuri√∏se fiber | Simply Beyond,78,"Oplev, hvad Mulberry silke er, og hvorfor det er den mest eksklusive og rene form for silke med uovertruffen kvalitet.",118,2,9,180,6,19,0
https://simplybeyond.dk/blogs/haarpleje/fordele-ved-silke-hair-bonnet,Fordele ved Silke Hair Bonnet | Simply Beyond,45,"Oplev fordelene ved et Silke Hair Bonnet ‚Äì beskytter h√•ret, reducerer krus og bevarer fugt. √Ügte Mulberry silke fra Simply Beyond for sundt, glansfuldt h√•r hver morgen.",168,2,11,184,6,19,0
https://simplybeyond.dk/blogs/haarpleje/saadan-bevarer-du-haarets-glans-og-fugt,S√•dan bevarer du h√•rets glans og fugt | Eksklusive r√•d & silkeprodukter | Simply Beyond,87,"F√• r√•d til at bevare h√•rets glans og fugt. L√¶r, hvordan silkeprodukter, sund kost og naturlig pleje giver dig smukt og velplejet h√•r",132,2,11,189,6,19,0
https://simplybeyond.dk/blogs/guides/mellemlangt-pjusket-haar,Mellemlangt pjusket h√•r: Den perfekte styling | Simply Beyond,61,"Opdag hemmelighederne bag mellemlangt pjusket h√•r og opn√• det perfekte, volumin√∏se look med enkle teknikker.",108,2,11,185,6,19,0
https://simplybeyond.dk/blogs/guides/fold-klud-til-jakkesaet,Fold klud til jakkes√¶t ‚Äì S√•dan folder du en silke lommeklud | Simply Beyond,75,L√¶r at folde kluden til jakkes√¶t med stil. F√• tips til elegante foldeteknikker og s√¶t prikken over i'et.,104,2,11,179,6,19,0
https://simplybeyond.dk/blogs/gaver/gaver-til-hende,Gaver til hende: Luksuri√∏se gaveideer til enhver | Simply Beyond,64,"Oplev gaver til hende, der handler om f√∏lelsen. Silkeprodukter fra Simply Beyond giver sk√∏nhed og fork√¶lelse.",109,2,9,184,6,19,0
https://simplybeyond.dk/blogs/gaver/gaver-til-hende-der-har-alt,Gaver til hende der har alt med stil og elegance | Simply Beyond,64,Find den perfekte gave til hende der har alt med luksuri√∏se silkeprodukter fra Simply Beyond,92,2,12,180,6,19,0
https://simplybeyond.dk/blogs/guides/hvordan-laver-man-heatless-curls,Hvordan laver man Heatless Curls uden skader | Simply Beyond,60,"Opdag trin-for-trin, hvordan laver man Heatless Curls og skab smukke kr√∏ller uden varme. F√• sundt og glansfuldt h√•r i stedet.",125,2,14,181,6,19,0
https://simplybeyond.dk/blogs/haarpleje/curler-til-langt-haar,Curler til langt h√•r: F√• smukke kr√∏ller naturligt | Simply Beyond,65,"Oplev fordelene ved en curler til langt h√•r. F√• glansfulde, naturlige kr√∏ller uden varme ‚Äì med silke og elegance fra Simply Beyond",130,2,11,180,6,19,0
https://simplybeyond.dk/blogs/guides/den-komplette-guide-til-silkepudebetraek,Guide til silkepudebetr√¶k: Forbedr din s√∏vn | Simply Beyond,59,"Alt du skal vide om momme, OEKO-TEX, pasform og pleje. L√¶r, hvordan du v√¶lger det rigtige silkepudebetr√¶k til bedre s√∏vn, hud og h√•r.",133,2,13,183,6,19,0
https://simplybeyond.dk/blogs/rutiner/curly-girl-nat-rutine-sovehaette-i-silke-pudebetraek-eller-begge,Curly Girl nat-rutine for Smukke Kr√∏ller | Simply Beyond,56,"L√¶r om fordele ved silke i din Curly Girl nat-rutine. Beskyt dine kr√∏ller og v√•gn op med bl√∏dt, sundt h√•r.",106,2,13,182,6,18,0
https://simplybeyond.dk/blogs/soevn/sovnhygiejne-for-lysfoelsomme,S√∏vnhygiejne for lysf√∏lsomme: S√•dan skaber du m√∏rke | Simply Beyond,67,Lysf√∏lsom? Denne guide til s√∏vnhygiejne for lysf√∏lsomme hj√¶lper dig med at finde ro og forbedre din s√∏vnkvalitet.,113,2,11,175,6,18,0
https://simplybeyond.dk/blogs/guides/haar-med-toerklaede,S√•dan styler du dit h√•r med silket√∏rkl√¶der nemt | Simply Beyond,63,L√¶r at binde et silket√∏rkl√¶de i h√•ret. S√•dan styler du dit h√•r med silket√∏rkl√¶der for et stilfuldt og praktisk udtryk.,118,2,13,177,6,19,0
https://simplybeyond.dk/blogs/silke/silke-vs-bomuld-hvilken-er-bedst-til-hud-og-har,Silke vs. bomuld ‚Äì hvilken er bedst til hud og h√•r? | Simply Beyond,67,"N√•r det kommer til hud, h√•r og nattes√∏vn, er valget af tekstil langt vigtigere, end de fleste tror. De to mest popul√¶re materialer er silke og bomuld ‚Äì men forskellen mellem dem er enorm. I denne guide gennemg√•r vi forskellene i dybden, baseret p√• faglig viden, tekstilegenskaber og anbefalinger fra kosmetologer, hudspe",320,2,11,184,8,19,0
https://simplybeyond.dk/blogs/haarpleje/silke-mod-kruset-har-derfor-fungerer-det,Silke mod kruset h√•r ‚Äì derfor fungerer det | Simply Beyond,58,"Silke er et af de mest effektive materialer til at reducere krus, friktion og udt√∏rring i h√•ret ‚Äì is√¶r om natten. Hvis du k√¶mper med kruset h√•r, filtret morgenh√•r, t√∏rre spidser eller h√•r, der aldrig rigtig f√∏les glansfuldt, er denne guide skrevet til dig. Her gennemg√•r vi den videnskabelige forklaring p√•, hvorfor silk",320,2,12,178,12,18,0
https://simplybeyond.dk/blogs/guides/silkepudebetraek-den-ultimative-guide,Guide til Silkepudebetr√¶k: Fordelene ved silke | Simply Beyond,62,Udforsk alle videnskabeligt dokumenterede fordele ved at skifte til silkepudebetr√¶k med vores ultimative guide til silkepudebetr√¶k.,131,3,16,235,6,55,4
https://simplybeyond.dk/blogs/guides/silke-sovehaette-den-ultimative-guide-til-hair-bonnets-i-aegte-silke,Guide til Hair Bonnets for Bedtime Care | Simply Beyond,55,F√• guide til silke soveh√¶tte. Opdag fordele for kr√∏ller og langt h√•r. L√¶r at v√¶lge √¶gte silke og pleje din bonnet. Spar tid p√• h√•rpleje,135,3,16,206,6,32,0
https://simplybeyond.dk/blogs/guides/den-ultimative-guide-til-silketorklaeder,"Silket√∏rkl√¶der | Den Ultimative Guide til Styling, St√∏rrelser & Pleje | Simply Beyond",85,"Oplev den komplette guide til silket√∏rkl√¶der. L√¶r alt om st√∏rrelser, 10+ styling-m√•der, pleje og fordele for h√•r og hud. F√• ekspertr√•d om √¶gte Mulberry silke",157,3,10,226,6,40,0
https://simplybeyond.dk/blogs/guides/heatless-curls-den-ultimative-guide-til-kroller-uden-varme,Heatless Curls: Den Ultimative Guide til Kr√∏ller Uden Varme | Simply Beyond,75,"Indholdsfortegnelse Introduktion til Heatless Curls Fordele og ulemper Heatless Curls Metoder Guide til h√•rtyper Trin-for-trin guides Anbefalede produkter Fejlfindning og tips Ofte stillede sp√∏rgsm√•l Introduktion til Heatless Curls Heatless curls er en popul√¶r h√•rstylingsteknik, der giver dig bl√∏de, naturlige kr√∏ller u",320,3,13,216,15,34,0
https://simplybeyond.dk/blogs/guides/silke-sovemaske-den-ultimative-guide-til-uforstyrret-sovn-og-hudpleje,Silke Sovemaske: Den Ultimative Guide til Uforstyrret S√∏vn og Hudpleje | Simply Beyond,86,Indholdsfortegnelse Introduktion til Silke Sovemasker Fordele ved Silke Sovemasker Typer af Silke Sovemasker S√•dan V√¶lger du den Perfekte Sovemaske Korrekt Brug og Tilpasning Pleje og Reng√∏ring Sovemasker til Forskellige S√∏vntyper Sovemasker til Rejse og Hverdagsbrug Ofte Stillede Sp√∏rgsm√•l Introduktion til Silke Sovem,320,2,13,199,6,19,0
https://simplybeyond.dk/blogs/guides/mulberry-silke-naturens-fineste-luksus,Mulberry Silke: Naturens Fineste Luksus | Simply Beyond,55,Indholdsfortegnelse Hvad er Mulberry Silke? Historien bag Mulberry Silke Produktionsprocessen Egenskaber ved Mulberry Silke Fordele for huden Fordele for h√•ret Sammenligning med andre materialer Identificering af rigtig Mulberry Silke Pleje og vedligeholdelse Anvendelsesomr√•der Kvalitetskriterier Mulberry Silke: Nature,320,2,16,200,6,22,2
https://simplybeyond.dk/blogs/nyheder/hvorfor-vi-bruger-online-badges,Hvorfor vi bruger etiske online badges | Simply Beyond,54,"Opdag hvordan vores brug af etiske online badges styrker gennemsigtighed, ansvarlig datah√•ndtering og en tryg oplevelse for alle bes√∏gende.",139,2,8,165,9,18,0
https://simplybeyond.dk/blogs/silke/silke,"Silke guide: Alt om Mulberry silke, pleje og produkter | Simply Beyond",70,"L√¶r alt om silke, fra typer og fordele til vask, pleje og valg af produkter som silkepudebetr√¶k, sovemasker og t√∏rkl√¶der. F√• hj√¶lp til at v√¶lge rigtigt",151,2,14,344,6,18,0
